<application>
  <component name="ProjectManager">
    <defaultProject>
      <component name="PropertiesComponent">{
  &quot;keyToString&quot;: {
    &quot;settings.editor.selected.configurable&quot;: &quot;configurable.group.appearance&quot;
  }
}</component>
      <component name="WindowStateProjectService">
        <state x="1058" y="291" key="FileChooserDialogImpl" timestamp="1731505298627">
          <screen x="0" y="0" width="1707" height="912" />
        </state>
        <state x="1058" y="291" key="FileChooserDialogImpl/0.0.1707.912" timestamp="1731505298627" />
      </component>
    </defaultProject>
  </component>
</application>