<application>
  <component name="Trusted.Paths">
    <option name="TRUSTED_PROJECT_PATHS">
      <map>
        <entry key="C:\Users\Lenovo\AppData\Roaming\JetBrains\CLion2023.3\light-edit" value="true" />
        <entry key="C:\Users\Lenovo\CLionProjects\untitled" value="true" />
        <entry key="C:\Users\Lenovo\CLionProjects\untitled1" value="true" />
        <entry key="C:\Users\Lenovo\CLionProjects\untitled2" value="true" />
        <entry key="C:\Users\Lenovo\CLionProjects\untitled3" value="true" />
        <entry key="C:\Users\Lenovo\CLionProjects\untitled4" value="true" />
        <entry key="C:\Users\Lenovo\CLionProjects\untitled5" value="true" />
        <entry key="C:\Users\Lenovo\Documents\Tencent Files\2876587146\FileRecv" value="true" />
        <entry key="C:\Users\Lenovo\Documents\WeChat Files\wxid_cddk28rhtnbc22\FileStorage\File\2024-05" value="true" />
        <entry key="C:\Users\Lenovo\PycharmProjects\Frequent-Pattern-Mining" value="true" />
        <entry key="C:\Users\Lenovo\PycharmProjects\pythonProject" value="true" />
        <entry key="D:\Desition tree" value="true" />
        <entry key="D:\Git\Frequent-Pattern-Mining" value="true" />
        <entry key="D:\PicToCmd" value="true" />
        <entry key="D:\decision tree " value="true" />
        <entry key="D:\project\py\Critical-Node-Group-Mining" value="true" />
        <entry key="D:\project\py\mind" value="true" />
        <entry key="D:\project\py\pythonProject" value="true" />
        <entry key="D:\project\数据结构项目\Desition tree" value="true" />
        <entry key="D:\project\数据结构项目\Frequent-Pattern-Mining-main" value="true" />
        <entry key="D:\pythonProject" value="true" />
        <entry key="D:\pythonProject1" value="true" />
        <entry key="D:\py练习" value="true" />
        <entry key="E:\ai\ASCII-generator-master" value="true" />
        <entry key="E:\ai\FreepianoAutoPlay-master\FreepianoAutoPlay-master" value="true" />
        <entry key="E:\ai\LeetCodeCN-Problem-Crawler-master" value="true" />
        <entry key="\\wsl.localhost\Ubuntu-22.04\home\mind" value="true" />
      </map>
    </option>
  </component>
</application>