<application>
  <component name="DimensionService">
    <location key="find.popup.0.0.2561.1440@108dpi" x="998" y="192" />
    <size key="GridCell.Tab.0.left.0.0.2561.1440@144dpi" width="2438" height="387" />
    <size key="GridCell.Tab.0.center.0.0.2561.1440@144dpi" width="2438" height="387" />
    <size key="GridCell.Tab.0.right.0.0.2561.1440@144dpi" width="2438" height="387" />
    <size key="GridCell.Tab.0.bottom.0.0.2561.1440@144dpi" width="2438" height="387" />
    <size key="GridCell.Tab.0.left.0.0.1920.1200@120dpi" width="1083" height="225" />
    <size key="GridCell.Tab.0.center.0.0.1920.1200@120dpi" width="1083" height="225" />
    <size key="GridCell.Tab.0.right.0.0.1920.1200@120dpi" width="1083" height="225" />
    <size key="GridCell.Tab.0.bottom.0.0.1920.1200@120dpi" width="1083" height="225" />
    <size key="GridCell.Tab.1.left.0.0.2561.1440@144dpi" width="2438" height="321" />
    <size key="GridCell.Tab.1.center.0.0.2561.1440@144dpi" width="2438" height="321" />
    <size key="GridCell.Tab.1.right.0.0.2561.1440@144dpi" width="2438" height="321" />
    <size key="GridCell.Tab.1.bottom.0.0.2561.1440@144dpi" width="2438" height="321" />
    <size key="GridCell.Tab.0.left.0.0.2561.1440@108dpi" width="2159" height="359" />
    <size key="GridCell.Tab.0.center.0.0.2561.1440@108dpi" width="2159" height="359" />
    <size key="GridCell.Tab.0.right.0.0.2561.1440@108dpi" width="2159" height="359" />
    <size key="GridCell.Tab.0.bottom.0.0.2561.1440@108dpi" width="2159" height="359" />
    <size key="find.popup.0.0.2561.1440@108dpi" width="762" height="990" />
    <size key="GridCell.Tab.1.left.0.0.2561.1440@108dpi" width="2468" height="539" />
    <size key="GridCell.Tab.1.center.0.0.2561.1440@108dpi" width="2468" height="539" />
    <size key="GridCell.Tab.1.right.0.0.2561.1440@108dpi" width="2468" height="539" />
    <size key="GridCell.Tab.1.bottom.0.0.2561.1440@108dpi" width="2468" height="539" />
  </component>
  <component name="WindowManager">
    <frame x="-15" y="156" width="2274" height="1308" />
  </component>
  <component name="WindowStateApplicationService">
    <state x="633" y="161" key="FileChooserDialogImpl" timestamp="1732494108768">
      <screen x="0" y="0" width="1707" height="912" />
    </state>
    <state x="633" y="161" key="FileChooserDialogImpl/0.0.1707.912" timestamp="1732494108768" />
    <state x="853" y="412" width="800" height="650" key="WELCOME_SCREEN" timestamp="1732494087294">
      <screen x="0" y="0" width="1707" height="912" />
    </state>
    <state x="853" y="412" width="800" height="650" key="WELCOME_SCREEN/0.0.1707.912" timestamp="1732494087294" />
  </component>
</application>